# gtin	category — sampled from Kroger catalog search (relevance order), 2026-10-05T20:58:45Z
016000122543	cereal
016000124790	cereal
016000123991	cereal
030000573228	cereal
016000122222	cereal
016000151284	cereal
016000275324	cereal
030000063224	cereal
016000151635	cereal
884912129710	cereal
011110037633	granola bar
016000264601	granola bar
030000311820	granola bar
030000450178	granola bar
011110869920	granola bar
024300031038	granola bar
011110130754	granola bar
016000277076	granola bar
016000278554	granola bar
030000311844	granola bar
028400805780	potato chips
028400199148	potato chips
028400310413	potato chips
011110088932	potato chips
028400043809	potato chips
038000329050	potato chips
038000329074	potato chips
011110088802	potato chips
038000329036	potato chips
011110088895	potato chips
815099021832	tortilla chips
011110109965	tortilla chips
781138710114	tortilla chips
815099021849	tortilla chips
011110109941	tortilla chips
028400797832	tortilla chips
028400705769	tortilla chips
011110655103	tortilla chips
011110109972	tortilla chips
028400064088	tortilla chips
011110090904	crackers
011110898906	crackers
030100100577	crackers
014100054702	crackers
014100054672	crackers
024100129232	crackers
044000031114	crackers
044000045753	crackers
011110844200	crackers
030100100553	crackers
011110623461	cookies
011110627308	cookies
011110072481	cookies
011110627254	cookies
011110626271	cookies
044000073206	cookies
044000032197	cookies
044000032234	cookies
011110626264	cookies
011110077783	cookies
070470003009	yogurt
850065403809	yogurt
818290016263	yogurt
850065403786	yogurt
036632019530	yogurt
070470003078	yogurt
070470403892	yogurt
036632042583	yogurt
036632019448	yogurt
078355570103	yogurt
011110417008	milk
011110416001	milk
011110401014	milk
011110406019	milk
011110428523	milk
011110428509	milk
011110429087	milk
093966513004	milk
011110416605	milk
011110416612	milk
011110502049	cheese
226266000008	cheese
840370901046	cheese
011110582874	cheese
011110501585	cheese
011110094346	cheese
011110586780	cheese
011110586278	cheese
011110501707	cheese
011110501745	cheese
011110143853	bread
011110143907	bread
072250011372	bread
072945601369	bread
013764027220	bread
070162958709	bread
013764027138	bread
072250037068	bread
013764027053	bread
072250049191	bread
071921823795	frozen pizza
072180634733	frozen pizza
071921214579	frozen pizza
072180638113	frozen pizza
072180634290	frozen pizza
074653791875	frozen pizza
042800114006	frozen pizza
075706151011	frozen pizza
072180634719	frozen pizza
071921232986	frozen pizza
011110505088	ice cream
011110505125	ice cream
011110507297	ice cream
011110507198	ice cream
011110118271	ice cream
041548173542	ice cream
072554363887	ice cream
011110118288	ice cream
011110093813	ice cream
072554001543	ice cream
049000028904	soda
049000028928	soda
078000082166	soda
049000030730	soda
049000042559	soda
049000031034	soda
049000028911	soda
049000030761	soda
049000037111	soda
049000031058	soda
011110039620	juice
025000047725	juice
031200220073	juice
014800646948	juice
889497521454	juice
051000125736	juice
025000101342	juice
014800646665	juice
048500205877	juice
074806015001	juice
052000122060	sports drink
858176002805	sports drink
052000123258	sports drink
858176002829	sports drink
049000079357	sports drink
052000129373	sports drink
052000102451	sports drink
052000208443	sports drink
810113833347	sports drink
049000079401	sports drink
011110016188	peanut butter
051500720011	peanut butter
051500255162	peanut butter
011110098535	peanut butter
011110739322	peanut butter
051500255650	peanut butter
051500243213	peanut butter
051500247693	peanut butter
051500241776	peanut butter
011110016522	peanut butter
011110134141	pasta sauce
011110134172	pasta sauce
747479000079	pasta sauce
011110134103	pasta sauce
011110851000	pasta sauce
041129077122	pasta sauce
011110134158	pasta sauce
850024735002	pasta sauce
036200430682	pasta sauce
036200013694	pasta sauce
021000644254	salad dressing
011110669124	salad dressing
011110036254	salad dressing
011110029935	salad dressing
011110834126	salad dressing
071100005509	salad dressing
021000644735	salad dressing
021000643615	salad dressing
021000644698	salad dressing
011110674319	salad dressing
013000001243	ketchup
011110844675	ketchup
013000006057	ketchup
011110858535	ketchup
011110805805	ketchup
013000006408	ketchup
027000381434	ketchup
013000004664	ketchup
013000004640	ketchup
011110029553	ketchup
051000142931	canned soup
051000038852	canned soup
051000005496	canned soup
051000142924	canned soup
041196914016	canned soup
041196914030	canned soup
051000211651	canned soup
051000150073	canned soup
041196010138	canned soup
041196914153	canned soup
014200088423	candy
034000947188	candy
022000333346	candy
099900719211	candy
040000597551	candy
071720007983	candy
040000599159	candy
034000475629	candy
079200086404	candy
070462016727	candy
051900016035	lunch meat
051900016134	lunch meat
044700030509	lunch meat
044700030998	lunch meat
051900801099	lunch meat
051900401633	lunch meat
051900801044	lunch meat
044500329537	lunch meat
044700030547	lunch meat
011110850805	lunch meat
044700000632	hot dogs
015900134014	hot dogs
054500193274	hot dogs
054500193229	hot dogs
888313914906	hot dogs
044700000045	hot dogs
054500193298	hot dogs
044700075050	hot dogs
074956180574	hot dogs
044700075029	hot dogs
021131506629	frozen meals
013800103215	frozen meals
013800120076	frozen meals
013800100726	frozen meals
031000101015	frozen meals
013800103406	frozen meals
013800101150	frozen meals
013800101723	frozen meals
021131001148	frozen meals
072655001107	frozen meals
011110111258	protein bar
722252168504	protein bar
016000457232	protein bar
602652419317	protein bar
850054108807	protein bar
749826000107	protein bar
011110161185	protein bar
011110161192	protein bar
858030008417	protein bar
855569110352	protein bar
011110151100	coffee creamer
041271009552	coffee creamer
050000322756	coffee creamer
050000801640	coffee creamer
041271004724	coffee creamer
041271009705	coffee creamer
011110151070	coffee creamer
818290016928	coffee creamer
050000886104	coffee creamer
041271025644	coffee creamer
011110081285	macaroni and cheese
011110100146	macaroni and cheese
011110053428	macaroni and cheese
011110100115	macaroni and cheese
011110100139	macaroni and cheese
021000658831	macaroni and cheese
021000774364	macaroni and cheese
011110106827	macaroni and cheese
011110151551	macaroni and cheese
011110100122	macaroni and cheese
647671000146	salsa
011110667595	salsa
041565141166	salsa
011110089403	salsa
041565140169	salsa
011110089380	salsa
011110667601	salsa
011110043443	salsa
028400055970	salsa
028400089364	salsa
044700022689	bacon
044700019887	bacon
011110972095	bacon
011110647580	bacon
070800041183	bacon
070800041251	bacon
077900536083	bacon
011110605788	bacon
011110659361	bacon
011110971913	bacon
024300041167	snack cakes
024300041174	snack cakes
024300041334	snack cakes
024300041464	snack cakes
024300041303	snack cakes
888109110048	snack cakes
888109110925	snack cakes
888109817442	snack cakes
024300837395	snack cakes
024300045677	snack cakes
